cv_auroc_mean,cv_auroc_std,test_auroc,test_auprc
0.8366358881124999,0.0036776811128967778,0.8313361243632525,0.46805307795937945
