auroc,ece,hl_chi2,hl_p_value,model
0.7631827996192879,0.006456117444823798,16.303043746742134,0.03824239275846675,Tabular_XGBoost
0.7235446815502815,0.00682843306420511,23.273243520604872,0.0030305874777126762,Tabular_LogisticRegression
0.6207166222865471,0.00145693603953995,29.87770613952013,0.00022216156062937475,TextOnly_XGBoost
0.6198802188595498,0.0012951511915001563,197.93600894390522,0.0,TextOnly_LogisticRegression
0.7771751698901957,0.006697620247279517,32.8399668402494,6.581408462191796e-05,EarlyFusion_XGBoost
0.7280074976860189,0.006322065502781561,22.338564506036217,0.004325815979059788,EarlyFusion_LogisticRegression
