window,task,cohort,model,n_samples,n_test,ece,mce,brier_score,positive_rate,mean_predicted_prob,n_bins
24h,mortality,all,ClinicalGRU,15036,15036,0.03355606431431372,0.242631196975708,0.0870741456747055,0.12350358814001083,0.11243956536054611,10
24h,mortality,sepsis,ClinicalGRU,6875,6875,0.05887110827511008,0.26685845851898193,0.12752817571163177,0.1831272691488266,0.1621401458978653,10
24h,mortality,aki,ClinicalGRU,11526,11526,0.04214112741997749,0.23475301265716553,0.10364653170108795,0.1492278277873993,0.1329347789287567,10
24h,mortality,all,TextOnly_XGBoost,15036,15036,0.005212183557123731,0.005212183557123731,0.10827762084352249,0.12350359138068635,0.11829140782356262,10
24h,mortality,sepsis,TextOnly_XGBoost,6875,6875,0.0648358574531295,0.0648358574531295,0.15379536022403814,0.18312727272727272,0.11829141527414322,10
24h,mortality,aki,TextOnly_XGBoost,11526,11526,0.030936424902448134,0.030936424902448134,0.12791594720769958,0.14922783272601076,0.11829140782356262,10
24h,mortality,all,EarlyFusion_XGBoost,15036,15036,0.007579336310041876,0.04495775492294973,0.07874483819501872,0.12350359138068635,0.11686452478170395,10
24h,mortality,sepsis,EarlyFusion_XGBoost,6875,6875,0.02257379548874768,0.044348308420556704,0.11568150841563206,0.18312727272727272,0.16560883820056915,10
24h,mortality,aki,EarlyFusion_XGBoost,11526,11526,0.012903170805904737,0.04794183863869195,0.09387888959168869,0.14922783272601076,0.137437641620636,10
