task,model,cv_auroc_mean,cv_auroc_std,cv_auprc_mean,cv_auprc_std,test_auroc,test_auprc
mortality,XGBoost,0.8105558429709122,0.00392852906958636,0.42537056925774797,0.01515900515858554,0.8194909387958839,0.45057616649293614
mortality,LogisticRegression,0.7606713391994735,0.005648339569294357,0.35343463041778966,0.01555763445472393,0.7681440950406448,0.3708366105175597
prolonged_los,XGBoost,0.7593654470496456,0.005638838602047811,0.38739484806390206,0.007462868742252919,0.7678520408858821,0.4137400087940148
prolonged_los,LogisticRegression,0.7122714659392744,0.004486043367183398,0.3298002977908192,0.0067234967241979115,0.7207590079426199,0.34762848689929493
