{
  "generated_at": "2026-02-03T20:00:07.436796",
  "n_rows": 48,
  "models": [
    "XGBoost",
    "LogisticRegression",
    "ClinicalGRU",
    "EarlyFusion_XGBoost"
  ],
  "windows": [
    "6h",
    "12h",
    "24h"
  ],
  "tasks": [
    "mortality",
    "prolonged_los"
  ],
  "cohorts": [
    "all",
    "sepsis",
    "aki"
  ],
  "cross_window_cv": [
    {
      "task": "mortality",
      "cohort": "all",
      "model": "XGBoost",
      "n_windows": 3,
      "auroc_mean": 0.835693521384555,
      "auroc_std": 0.023448807219205253,
      "auroc_cv": 0.028059098962925893,
      "auprc_mean": 0.46891066575849455,
      "auprc_std": 0.0492105408695612,
      "auprc_cv": 0.10494651639019521,
      "windows": [
        "6h",
        "12h",
        "24h"
      ],
      "aurocs": [
        0.8075678319030662,
        0.8345419310914792,
        0.8649708011591195
      ],
      "auprcs": [
        0.4166697200595227,
        0.4552105573293259,
        0.534851719886635
      ]
    },
    {
      "task": "mortality",
      "cohort": "all",
      "model": "LogisticRegression",
      "n_windows": 3,
      "auroc_mean": 0.8091805826921576,
      "auroc_std": 0.02356805104683832,
      "auroc_cv": 0.029125823766589915,
      "auprc_mean": 0.42671125933481063,
      "auprc_std": 0.04622918328084783,
      "auprc_cv": 0.10833832543559627,
      "windows": [
        "6h",
        "12h",
        "24h"
      ],
      "aurocs": [
        0.7808215106007121,
        0.8081943079186822,
        0.8385259295570787
      ],
      "auprcs": [
        0.3745295901245767,
        0.4186918150045888,
        0.4869123728752665
      ]
    },
    {
      "task": "mortality",
      "cohort": "all",
      "model": "ClinicalGRU",
      "n_windows": 3,
      "auroc_mean": 0.8042037989840098,
      "auroc_std": 0.023590711161809583,
      "auroc_cv": 0.029334244866304895,
      "auprc_mean": 0.41777174834872427,
      "auprc_std": 0.05275460453682168,
      "auprc_cv": 0.1262761418055156,
      "windows": [
        "6h",
        "12h",
        "24h"
      ],
      "aurocs": [
        0.7782008901663573,
        0.7991036228186166,
        0.8353068839670559
      ],
      "auprcs": [
        0.3616809643691199,
        0.4032150228539496,
        0.4884192578231033
      ]
    },
    {
      "task": "mortality",
      "cohort": "all",
      "model": "EarlyFusion_XGBoost",
      "n_windows": 3,
      "auroc_mean": 0.8378585519962222,
      "auroc_std": 0.022775475410750378,
      "auroc_cv": 0.027182959888023044,
      "auprc_mean": 0.4720261797122096,
      "auprc_std": 0.049593632964376924,
      "auprc_cv": 0.1050654287747636,
      "windows": [
        "6h",
        "12h",
        "24h"
      ],
      "aurocs": [
        0.8099081276110234,
        0.837971450067651,
        0.8656960783099922
      ],
      "auprcs": [
        0.4154076041083074,
        0.464487938752098,
        0.5361829962762233
      ]
    },
    {
      "task": "mortality",
      "cohort": "sepsis",
      "model": "XGBoost",
      "n_windows": 3,
      "auroc_mean": 0.7968389177004754,
      "auroc_std": 0.022879110231345073,
      "auroc_cv": 0.02871234037786433,
      "auprc_mean": 0.4908339305702105,
      "auprc_std": 0.04573427381693509,
      "auprc_cv": 0.09317667538551128,
      "windows": [
        "6h",
        "12h",
        "24h"
      ],
      "aurocs": [
        0.7677647701187722,
        0.7990796105495597,
        0.8236723724330945
      ],
      "auprcs": [
        0.439142512974581,
        0.4830131320861692,
        0.5503461466498815
      ]
    },
    {
      "task": "mortality",
      "cohort": "sepsis",
      "model": "LogisticRegression",
      "n_windows": 3,
      "auroc_mean": 0.781921286349895,
      "auroc_std": 0.02046337725681132,
      "auroc_cv": 0.02617063586072313,
      "auprc_mean": 0.47322311508614057,
      "auprc_std": 0.03827375490925759,
      "auprc_cv": 0.08087887867077381,
      "windows": [
        "6h",
        "12h",
        "24h"
      ],
      "aurocs": [
        0.755203318910945,
        0.7856502454027201,
        0.8049102947360197
      ],
      "auprcs": [
        0.4298903120306132,
        0.4667999881950427,
        0.5229790450327659
      ]
    },
    {
      "task": "mortality",
      "cohort": "aki",
      "model": "XGBoost",
      "n_windows": 3,
      "auroc_mean": 0.8094826973083089,
      "auroc_std": 0.02745203817647505,
      "auroc_cv": 0.033913063574747854,
      "auprc_mean": 0.44421307611232913,
      "auprc_std": 0.05409909286293116,
      "auprc_cv": 0.12178635833144859,
      "windows": [
        "6h",
        "12h",
        "24h"
      ],
      "aurocs": [
        0.7756479573730303,
        0.8099128182574489,
        0.8428873162944477
      ],
      "auprcs": [
        0.3838008361478165,
        0.4337640768629232,
        0.5150743153262478
      ]
    },
    {
      "task": "mortality",
      "cohort": "aki",
      "model": "LogisticRegression",
      "n_windows": 3,
      "auroc_mean": 0.7849454623731661,
      "auroc_std": 0.025769077895521974,
      "auroc_cv": 0.032829131615861554,
      "auprc_mean": 0.4105625167041527,
      "auprc_std": 0.046944020982280746,
      "auprc_cv": 0.11434073757909113,
      "windows": [
        "6h",
        "12h",
        "24h"
      ],
      "aurocs": [
        0.7546963438025933,
        0.7824685676657908,
        0.8176714756511143
      ],
      "auprcs": [
        0.3606441604204325,
        0.3976174742574571,
        0.4734259154345687
      ]
    },
    {
      "task": "prolonged_los",
      "cohort": "all",
      "model": "XGBoost",
      "n_windows": 3,
      "auroc_mean": 0.7272427449355803,
      "auroc_std": 0.032917591556529194,
      "auroc_cv": 0.04526355441255733,
      "auprc_mean": 0.70926954690787,
      "auprc_std": 0.03900405154080753,
      "auprc_cv": 0.054991859880139375,
      "windows": [
        "6h",
        "12h",
        "24h"
      ],
      "aurocs": [
        0.6875259184499835,
        0.726070656014653,
        0.7681316603421043
      ],
      "auprcs": [
        0.661719850519003,
        0.7088319223890125,
        0.7572568678155949
      ]
    },
    {
      "task": "prolonged_los",
      "cohort": "all",
      "model": "LogisticRegression",
      "n_windows": 3,
      "auroc_mean": 0.7000648902826351,
      "auroc_std": 0.03149684050892448,
      "auroc_cv": 0.044991315728186786,
      "auprc_mean": 0.679550088612619,
      "auprc_std": 0.03718620426838497,
      "auprc_cv": 0.05472180033749235,
      "windows": [
        "6h",
        "12h",
        "24h"
      ],
      "aurocs": [
        0.6611620554317279,
        0.7007279197120625,
        0.7383046957041148
      ],
      "auprcs": [
        0.6334870585867562,
        0.6806073316134355,
        0.7245558756376655
      ]
    },
    {
      "task": "prolonged_los",
      "cohort": "all",
      "model": "ClinicalGRU",
      "n_windows": 3,
      "auroc_mean": 0.7140719828394572,
      "auroc_std": 0.028502068757683664,
      "auroc_cv": 0.039914839739751705,
      "auprc_mean": 0.3281864461599471,
      "auprc_std": 0.031803816314060436,
      "auprc_cv": 0.09690776900201516,
      "windows": [
        "6h",
        "12h",
        "24h"
      ],
      "aurocs": [
        0.6820162922281328,
        0.7089367374026293,
        0.7512629188876097
      ],
      "auprcs": [
        0.2987345057596468,
        0.3134733011695788,
        0.3723515315506157
      ]
    },
    {
      "task": "prolonged_los",
      "cohort": "all",
      "model": "EarlyFusion_XGBoost",
      "n_windows": 3,
      "auroc_mean": 0.7696625391264508,
      "auroc_std": 0.03420978096163135,
      "auroc_cv": 0.0444477666802631,
      "auprc_mean": 0.39828964736698724,
      "auprc_std": 0.05094256199867746,
      "auprc_cv": 0.1279033043802381,
      "windows": [
        "6h",
        "12h",
        "24h"
      ],