{
  "generated_at": "2026-02-06T03:36:07.693215",
  "windows": [
    "6h",
    "12h",
    "24h"
  ],
  "cohorts": [
    "all",
    "sepsis",
    "aki"
  ],
  "robustness_metrics": {
    "XGBoost_mortality_all": {
      "auroc_mean": 0.8378585519962222,
      "auroc_std": 0.022775475410750378,
      "auroc_cv": 0.027182959888023044,
      "auroc_range": 0.0557879506989688,
      "auroc_min": 0.8099081276110234,
      "auroc_max": 0.8656960783099922,
      "auprc_mean": 0.4720261797122096,
      "auprc_std": 0.049593632964376924,
      "auprc_cv": 0.1050654287747636,
      "performance_drop_6h_24h": -0.0557879506989688
    },
    "XGBoost_mortality_sepsis": {
      "auroc_mean": 0.7959050623119172,
      "auroc_std": 0.026077839092034736,
      "auroc_cv": 0.03276501221927744,
      "auroc_range": 0.06347196021167156,
      "auroc_min": 0.7620947868006422,
      "auroc_max": 0.8255667470123138,
      "auprc_mean": 0.49293097200430386,
      "auprc_std": 0.050892838740273796,
      "auprc_cv": 0.1032453662494339,
      "performance_drop_6h_24h": -0.06347196021167156
    },
    "XGBoost_mortality_aki": {
      "auroc_mean": 0.8119890952969492,
      "auroc_std": 0.027681593675223694,
      "auroc_cv": 0.03409109042911515,
      "auroc_range": 0.06780365075436878,
      "auroc_min": 0.7782423813798754,
      "auroc_max": 0.8460460321342442,
      "auprc_mean": 0.45205365309328416,
      "auprc_std": 0.06013918207692003,
      "auprc_cv": 0.1330354962633383,
      "performance_drop_6h_24h": -0.06780365075436878
    },
    "XGBoost_prolonged_los_all": {
      "auroc_mean": 0.7696625391264508,
      "auroc_std": 0.03420978096163135,
      "auroc_cv": 0.0444477666802631,
      "auroc_range": 0.0837951673400762,
      "auroc_min": 0.7279017677077516,
      "auroc_max": 0.8116969350478278,
      "auprc_mean": 0.39828964736698724,
      "auprc_std": 0.05094256199867743,
      "auprc_cv": 0.127903304380238,
      "performance_drop_6h_24h": -0.0837951673400762
    },
    "XGBoost_prolonged_los_sepsis": {
      "auroc_mean": 0.7340381986446441,
      "auroc_std": 0.029765744066783187,
      "auroc_cv": 0.04055067450405685,
      "auroc_range": 0.07276011008332695,
      "auroc_min": 0.6990110263201681,
      "auroc_max": 0.771771136403495,
      "auprc_mean": 0.47347460776215433,
      "auprc_std": 0.04065762556758873,
      "auprc_cv": 0.08587076244648946,
      "performance_drop_6h_24h": -0.07276011008332695
    },
    "XGBoost_prolonged_los_aki": {
      "auroc_mean": 0.7420606240781185,
      "auroc_std": 0.03224287192496398,
      "auroc_cv": 0.043450455230689744,
      "auroc_range": 0.07897261511371312,
      "auroc_min": 0.7028546142675829,
      "auroc_max": 0.781827229381296,
      "auprc_mean": 0.42665975649784954,
      "auprc_std": 0.04106700354248919,
      "auprc_cv": 0.09625234842765439,
      "performance_drop_6h_24h": -0.07897261511371312
    },
    "LogisticRegression_mortality_all": {
      "auroc_mean": 0.8117313654064918,
      "auroc_std": 0.02537364662011677,
      "auroc_cv": 0.03125867460771382,
      "auroc_range": 0.06209310164181081,
      "auroc_min": 0.7814689481475053,
      "auroc_max": 0.8435620497893161,
      "auprc_mean": 0.4324445067540181,
      "auprc_std": 0.052859675550695366,
      "auprc_cv": 0.12223458669290685,
      "performance_drop_6h_24h": -0.06209310164181081
    },
    "LogisticRegression_mortality_sepsis": {
      "auroc_mean": 0.7830358045555753,
      "auroc_std": 0.020325190089176267,
      "auroc_cv": 0.025956910234407684,
      "auroc_range": 0.049207783494139345,
      "auroc_min": 0.7562472283049521,
      "auroc_max": 0.8054550117990914,
      "auprc_mean": 0.4779084607824234,
      "auprc_std": 0.04102094148690874,
      "auprc_cv": 0.08583430688745282,
      "performance_drop_6h_24h": -0.049207783494139345
    },
    "LogisticRegression_mortality_aki": {
      "auroc_mean": 0.7887215799840709,
      "auroc_std": 0.025342214270057742,
      "auroc_cv": 0.032130747925737696,
      "auroc_range": 0.06192359740775921,
      "auroc_min": 0.7590126123654692,
      "auroc_max": 0.8209362097732285,
      "auprc_mean": 0.4220945785636536,
      "auprc_std": 0.05329491963929809,
      "auprc_cv": 0.126262980729711,
      "performance_drop_6h_24h": -0.06192359740775921
    },
    "LogisticRegression_prolonged_los_all": {
      "auroc_mean": 0.7424460648988118,
      "auroc_std": 0.03737887892067691,
      "auroc_cv": 0.05034558156863729,
      "auroc_range": 0.09155601552833559,
      "auroc_min": 0.6964482927200767,
      "auroc_max": 0.7880043082484123,
      "auprc_mean": 0.35522728346247456,
      "auprc_std": 0.049589609806824704,
      "auprc_cv": 0.13959966510304167,
      "performance_drop_6h_24h": -0.09155601552833559
    },
    "LogisticRegression_prolonged_los_sepsis": {
      "auroc_mean": 0.7094539153479601,
      "auroc_std": 0.029791714088427037,
      "auroc_cv": 0.041992458486630996,
      "auroc_range": 0.07278147020600156,
      "auroc_min": 0.67459438251258,
      "auroc_max": 0.7473758527185815,
      "auprc_mean": 0.43733289707269934,
      "auprc_std": 0.0362347829050809,
      "auprc_cv": 0.08285400697642342,
      "performance_drop_6h_24h": -0.07278147020600156
    },
    "LogisticRegression_prolonged_los_aki": {
      "auroc_mean": 0.7182021336199504,
      "auroc_std": 0.032324965684557665,
      "auroc_cv": 0.04500817272935449,
      "auroc_range": 0.07917829333272353,
      "auroc_min": 0.6784781092422562,
      "auroc_max": 0.7576564025749797,
      "auprc_mean": 0.3905504022650537,
      "auprc_std": 0.03920949711730546,
      "auprc_cv": 0.10039548516633011,
      "performance_drop_6h_24h": -0.07917829333272353
    }
  },
  "raw_results": [
    {
      "window": "6h",
      "task": "mortality",
      "cohort": "all",
      "model": "XGBoost",
      "auroc": 0.8099081276110234,
      "auprc": 0.4154076041083074,
      "n_samples": 74829,
      "n_test": 15036
    },
    {
      "window": "6h",
      "task": "mortality",
      "cohort": "all",
      "model": "LogisticRegression",
      "auroc": 0.7814689481475053,
      "auprc": 0.37444933871930564,
      "n_samples": 74829,
      "n_test": 15036
    },
    {
      "window": "6h",
      "task": "mortality",
      "cohort": "sepsis",
      "model": "XGBoost",
      "auroc": 0.7620947868006422,
      "auprc": 0.4303303563234065,
      "n_samples": 34152,
      "n_test": 6831
    },
    {
      "window": "6h",
      "task": "mortality",
      "cohort": "sepsis",
      "model": "LogisticRegression",
      "auroc": 0.7562472283049521,
      "auprc": 0.4314681596042194,
      "n_samples": 34152,
      "n_test": 6831
    },
    {
      "window": "6h",
      "task": "mortality",
      "cohort": "aki",
      "model": "XGBoost",
      "auroc": 0.7782423813798754,
      "auprc": 0.38328974730377785,
      "n_samples": 57263,
      "n_test": 11581
    },
    {
      "window": "6h",
      "task": "mortality",
      "cohort": "aki",
      "model": "LogisticRegression",
      "auroc": 0.7590126123654692,
      "auprc": 0.36603226914502596,
      "n_samples": 57263,
      "n_test": 11581
    },
    {
      "window": "6h",
      "task": "prolonged_los",
      "cohort": "all",
      "model": "XGBoost",
      "auroc": 0.7279017677077516,
      "auprc": 0.33813995096849003,
      "n_samples": 74829,
      "n_test": 15036
    },
    {
      "window": "6h",
      "task": "prolonged_los",
      "cohort": "all",
      "model": "LogisticRegression",
      "auroc": 0.6964482927200767,
      "auprc": 0.2976664784852629,
      "n_samples": 74829,
      "n_test": 15036
    },
    {
      "window": "6h",
      "task": "prolonged_los",
      "cohort": "sepsis",
      "model": "XGBoost",
      "auroc": 0.6990110263201681,
      "auprc": 0.4248987626189804,
      "n_samples": 34152,
      "n_test": 6831
    },
    {
      "window": "6h",
      "task": "prolonged_los",
      "cohort": "sepsis",
      "model": "LogisticRegression",
      "auroc": 0.67459438251258,