task,model,auroc_mean,auroc_std,auprc_mean,auprc_std,test_auroc,test_auprc,window,cohort
mortality,structured:XGBoost,0.8644068334898085,0.0042276245991752,0.515337606878935,0.0076237639758443,0.86509573270215,0.5305368198668812,24h,all
prolonged_los,structured:XGBoost,0.8148931034684095,0.0044792665680615,0.4646884322533114,0.004347898384201,0.8230078779683155,0.4803098684947153,24h,all
mortality,Early Fusion,0.7614401866904366,0.0060363968061766,0.3471233521439697,0.0160898179343936,0.7641665527887368,0.3568976731504041,NA,all
mortality,Late Fusion (Tuned Alpha),0.7361077444267042,0.0050132936017489,0.310220804598391,0.0150676065853514,0.746429535011055,0.326276528326987,NA,all
mortality,Late Fusion (Fixed 0.7/0.3),0.736061690695668,0.0050348539646941,0.3100814657373854,0.0148100330925797,0.7465148743018176,0.3264154829188422,NA,all
mortality,GRU,0.8483515254620757,0.0040782482037903,0.4880882734181774,0.0148300093704177,0.8392474475249724,0.4714299211142405,NA,all
