step,task,model,cohort,window,permutation_id,cv_auroc_mean,cv_auroc_std,cv_auprc_mean,cv_auprc_std,test_auroc,test_auprc
permutation_sanity,mortality,LogisticRegression,all,24h,1,0.5330662717568462,0.01149222440357568,0.14402470925161012,0.006474131633341005,0.5250186906986332,0.14902924386438432
permutation_sanity,mortality,LogisticRegression,all,24h,2,0.523247044906199,0.01851158914143218,0.1397438062117581,0.008609600785050542,0.5184055523459488,0.14520654960405507
permutation_sanity,mortality,LogisticRegression,all,24h,3,0.5263679108194096,0.017556915826037415,0.1395656348296757,0.009896180310332452,0.5330820156069019,0.1560771419314257
permutation_sanity,mortality,LogisticRegression,all,24h,4,0.48745674528645316,0.011464200950864523,0.12851899446439088,0.006241431537997779,0.4798612191365459,0.1324251165420334
permutation_sanity,mortality,LogisticRegression,all,24h,5,0.5167622126086148,0.01145544564146757,0.13838384766696218,0.007651583563549823,0.5260540595846029,0.14517530241532361
