{
  "providers": {
    "medgemma15_4b": {
      "provider": "medgemma15_4b",
      "rows": 100,
      "ok_rows": 100,
      "parse_success_rows": 27,
      "parse_success_rate": 0.27,
      "avg_latency_seconds": 101.87973000000004,
      "usage_total_tokens": 3357137,
      "tasks": {
        "AKI-S1": 5,
        "DEL-S1": 33,
        "DEL-T1": 5,
        "S-R1": 41,
        "S-R2": 4,
        "S-R4": 11,
        "SEP-S1": 1
      },
      "task_parse_success_rate": {
        "AKI-S1": 0.0,
        "DEL-S1": 0.15151515151515152,
        "DEL-T1": 0.2,
        "S-R1": 0.3902439024390244,
        "S-R2": 0.0,
        "S-R4": 0.36363636363636365,
        "SEP-S1": 1.0
      },
      "confidence_distribution": {
        "high": 25,
        "low": 1,
        "medium": 1
      },
      "confidence_distribution_rate": {
        "high": 0.9259259259259259,
        "low": 0.037037037037037035,
        "medium": 0.037037037037037035
      },
      "merged_output_path": "/cephfs/volumes/hpc_data_prj/bhi_haoyu_benchmarking/9702e4c9-097c-4b21-8276-01dc96440ad1/TIMELY-Bench_Final/results/cres_v3/phase65e_tier2_medgemma_vllm_pilot100_run5/medgemma15_4b_full_responses.jsonl"
    }
  }
}