{
  "provider": "openbiollm70b",
  "rows": 53070,
  "ok_rows": 45037,
  "parse_success_rows": 44969,
  "parse_success_rate": 0.847352553231581,
  "avg_latency_seconds": 3.8958398718673934,
  "usage_total_tokens": 164947014,
  "tasks": {
    "AKI-S1": 4690,
    "AKI-T1": 11256,
    "DEL-S1": 3752,
    "DEL-T1": 11250,
    "S-R1": 938,
    "S-R2": 938,
    "S-R3": 554,
    "S-R4": 938,
    "S-T1": 3752,
    "S-T2": 469,
    "S-T3": 469,
    "S-T4": 938,
    "SEP-S1": 1876,
    "SEP-T1": 11250
  },
  "task_parse_success_rate": {
    "AKI-S1": 0.91727078891258,
    "AKI-T1": 0.9572672352523098,
    "DEL-S1": 0.8272921108742004,
    "DEL-T1": 0.8206222222222223,
    "S-R1": 0.3752665245202559,
    "S-R2": 0.373134328358209,
    "S-R3": 0.40794223826714804,
    "S-R4": 0.3752665245202559,
    "S-T1": 0.8038379530916845,
    "S-T2": 0.976545842217484,
    "S-T3": 0.9914712153518124,
    "S-T4": 0.6204690831556503,
    "SEP-S1": 0.6332622601279317,
    "SEP-T1": 0.9392888888888888
  },
  "confidence_distribution": {
    "high": 37696,
    "low": 4606,
    "medium": 2541,
    "missing": 51,
    "n/a": 75
  },
  "confidence_distribution_rate": {
    "high": 0.8382663612710979,
    "low": 0.10242611576864062,
    "medium": 0.05650559274166648,
    "missing": 0.0011341146122884655,
    "n/a": 0.0016678156063065668
  },
  "merged_output_path": "/cephfs/volumes/hpc_data_prj/bhi_haoyu_benchmarking/9702e4c9-097c-4b21-8276-01dc96440ad1/TIMELY-Bench_Final/results/cres_v3/phase65e_tier2_full/openbiollm70b_full_responses.jsonl"
}