name,auc_mean,auc_std,f1_mean,f1_std,disease,model
sepsis_LogisticRegression,0.7174580256755039,0.005415266131575426,0.5948844801666804,0.0035763536346372703,sepsis,LogisticRegression
sepsis_RandomForest,0.7534410960610418,0.004694243824128657,0.6420586040580087,0.006029750050330971,sepsis,RandomForest
sepsis_GradientBoosting,0.7555296729536751,0.004361519587179901,0.6506621163425736,0.00527401173813022,sepsis,GradientBoosting
aki_LogisticRegression,0.6656427003362426,0.005280903394882886,0.8657807940897042,0.00048102964071664343,aki,LogisticRegression
aki_RandomForest,0.6858280890584204,0.0031273583954441525,0.8658044264566618,0.0007749586378744858,aki,RandomForest
aki_GradientBoosting,0.6989521938346727,0.004088646464470481,0.8673473406341496,0.00042079118885322527,aki,GradientBoosting
ards_LogisticRegression,0.7997643120433866,0.011810880021909506,0.0024096385542168677,0.004819277108433735,ards,LogisticRegression
ards_RandomForest,0.7787766063463121,0.01618608307372597,0.0,0.0,ards,RandomForest
ards_GradientBoosting,0.8323254259035802,0.014284571097966334,0.018085953775093744,0.008689038802174809,ards,GradientBoosting
