{
  "provider": "meditron3_8b",
  "rows": 176,
  "ok_rows": 176,
  "parse_success_rows": 51,
  "parse_success_rate": 0.2897727272727273,
  "avg_latency_seconds": 1.3136590909090904,
  "usage_total_tokens": 580326,
  "tasks": {
    "DEL-S1": 7,
    "DEL-T1": 16,
    "S-R1": 35,
    "S-R2": 61,
    "S-R3": 4,
    "S-R4": 37,
    "S-T1": 3,
    "S-T2": 1,
    "S-T3": 1,
    "S-T4": 1,
    "SEP-S1": 1,
    "SEP-T1": 9
  },
  "task_parse_success_rate": {
    "DEL-S1": 0.2857142857142857,
    "DEL-T1": 0.3125,
    "S-R1": 0.2,
    "S-R2": 0.3442622950819672,
    "S-R3": 0.25,
    "S-R4": 0.21621621621621623,
    "S-T1": 0.0,
    "S-T2": 1.0,
    "S-T3": 0.0,
    "S-T4": 0.0,
    "SEP-S1": 0.0,
    "SEP-T1": 0.6666666666666666
  },
  "confidence_distribution": {
    "high": 51
  },
  "confidence_distribution_rate": {
    "high": 1.0
  },
  "merged_output_path": "/cephfs/volumes/hpc_data_prj/bhi_haoyu_benchmarking/9702e4c9-097c-4b21-8276-01dc96440ad1/TIMELY-Bench_Final/results/cres_v3/phase65e_tier2_meditron3_tailrepair_v4/meditron3_8b_full_responses.jsonl"
}