fold,val_auroc,val_auprc,best_epoch,total_epochs,test_auroc,test_auprc
1,0.8509171979462831,0.511399328463301,10,18,,
2,0.8593909883817299,0.4917287703964067,9,20,,
3,0.847527414623943,0.4832226269316293,7,18,,
4,0.8491344512464191,0.492091234113657,8,19,,
5,0.8558336448941816,0.48809759583425066,7,18,,
TEST,,,-,-,0.8418618775656168,0.48316901419857644
