fold,best_auroc,best_epoch
1,0.786453673204374,28
2,0.7896725232316927,21
3,0.7889635891427559,23
4,0.7890498596625874,23
5,0.7806314248560019,14
