task,label,modality,fusion_strategy,model,resolved_text_method,clean_ref,score_w24,score_D0,score_W6,score_W12,score_W24,score_leaked
mortality,early/xgb/original,fusion,early,xgb,original,,0.9078669981766982,0.9051281341219622,0.8920780027969248,0.9007585720210713,0.9078669981766982,0.9232474330723317
mortality,early/xgb/original_typed,fusion,early,xgb,original_typed,,0.9073228603865553,0.90388475264855,0.8921466877578348,0.9000683690315228,0.9073228603865553,0.9226488560919355
mortality,structured/xgb,structured,none,xgb,original,,0.9042217391385634,0.9006780838201969,0.8862960504051841,0.8960129642921778,0.9042217391385634,
mortality,early/xgb/weighted_typed,fusion,early,xgb,weighted_typed,,0.9015817818827662,0.8987506315906575,0.8836326297589923,0.8935068319007728,0.9015817818827662,
mortality,late_stacking/lr/original,fusion,late_stacking,lr,original,,0.8952207342914587,0.8898491080005198,,,0.8952207342914587,0.9109758055409216
mortality,late_stacking/lr/original_typed,fusion,late_stacking,lr,original_typed,,0.8947641764928165,0.889614598274961,,,0.8947641764928165,0.9110167817255789
mortality,structured/lr,structured,none,lr,original,,0.8839196836205323,0.8775288546288564,0.8662868943740625,0.8757951212558807,0.8839196836205323,
mortality,text/lr/original,text_only,none,lr,original,,0.8501734781247705,0.8432877192633679,0.8326369594253811,0.8436240318890477,0.8501734781247705,0.8501734781247705
mortality,text/lr/original_typed,text_only,none,lr,original_typed,,0.8389793700216224,0.8314592085460817,0.8158362706180078,0.8322346382103305,0.8389793700216224,0.8389793700216224
