task,label,modality,fusion_strategy,model,resolved_text_method,clean_ref,score_w24,score_D0,score_W6,score_W12,score_W24,score_leaked
prolonged_los,early/xgb/original,fusion,early,xgb,original,,0.8856388852583406,0.9003830999191832,0.8856132987108596,0.88668113804234,0.8856388852583406,0.9368006955243562
prolonged_los,early/xgb/original_typed,fusion,early,xgb,original_typed,,0.8845900025514449,0.8994983874905301,0.8851680202123493,0.8859687519781897,0.8845900025514449,0.9360142725630937
prolonged_los,structured/xgb,structured,none,xgb,original,,0.8816613465475491,0.8972376293326494,0.8802059196873995,0.8813787348911564,0.8816613465475491,
prolonged_los,early/xgb/weighted_typed,fusion,early,xgb,weighted_typed,,0.8809886062784142,0.8953388550182829,0.879351263710386,0.8800594176065673,0.8809886062784142,
prolonged_los,late_stacking/lr/original,fusion,late_stacking,lr,original,,0.8718351710866706,0.8908988261191816,,,0.8718351710866706,0.9273613391803158
prolonged_los,late_stacking/lr/original_typed,fusion,late_stacking,lr,original_typed,,0.8710830957796034,0.8905630552212884,,,0.8710830957796034,0.9273041111721886
prolonged_los,structured/lr,structured,none,lr,original,,0.8646136897839615,0.8858473150776947,0.864071788842546,0.8619493969493748,0.8646136897839615,
prolonged_los,text/lr/original,text_only,none,lr,original,,0.8354672960250304,0.8496909108702623,0.8431407493386912,0.8428536706856689,0.8354672960250304,0.8354659620110807
prolonged_los,text/lr/original_typed,text_only,none,lr,original_typed,,0.8230098759352764,0.8357585788050027,0.8281412274360751,0.8290590026887233,0.8230098759352764,0.8230077179837252
