task,model,modality,fusion_strategy,metric,A_full_leaked,B_struct_only_leak,C_text_only_leak,D_clean,premium_total_A_minus_D,premium_struct_B_minus_D,premium_text_C_minus_D,premium_interaction,missing_cells,n_records_in_group
mortality,xgb,fusion,early,mean_auroc,0.9232474330723317,0.9231414715345843,0.9078669981766982,0.9078833166801884,0.015364116392143301,0.015258154854395856,-1.6318503490153624e-05,0.00012228004123759906,,16
prolonged_los,xgb,fusion,early,mean_auroc,0.9368006955243562,0.9370396935543548,0.8856388852583406,0.8860286426614735,0.050772052862882666,0.05101105089288127,-0.00038975740313296203,0.00015075937313435706,,16
