model,task,cohort,window,n_samples,positive_rate,cv_auroc_mean,cv_auroc_std,cv_auprc_mean,cv_auprc_std,test_auroc,test_auprc,fold_details,split_source
Early Fusion (AnnotFeatures),mortality,all,24h,74829,0.11933875903727165,0.8692593561223019,0.005238263477057048,0.528843552603451,0.00953038755774507,0.8725104555341159,0.5567986181736418,"[{'fold': 1, 'auroc': 0.8649098245861376, 'auprc': 0.5442033235359994}, {'fold': 2, 'auroc': 0.8775943998258475, 'auprc': 0.5348119228924569}, {'fold': 3, 'auroc': 0.8632978601359271, 'auprc': 0.5248574373718036}, {'fold': 4, 'auroc': 0.86786890813039, 'auprc': 0.523030456738137}, {'fold': 5, 'auroc': 0.8726257879332067, 'auprc': 0.5173146224788575}]",predefined_splits.csv
Early Fusion (ClinicalBERT),mortality,all,24h,74819,0.1193413437763135,0.8815869612277348,0.0058261581991745455,0.5562286807299904,0.00891494339999816,0.8847983344008573,0.5843606739624725,"[{'fold': 1, 'auroc': 0.8782442682509591, 'auprc': 0.5713912690391134}, {'fold': 2, 'auroc': 0.8903642132638785, 'auprc': 0.5493032958670688}, {'fold': 3, 'auroc': 0.8758090538737328, 'auprc': 0.5600256507819235}, {'fold': 4, 'auroc': 0.8768564068130135, 'auprc': 0.546168798417984}, {'fold': 5, 'auroc': 0.8866608639370898, 'auprc': 0.5542543895438626}]",predefined_splits.csv
Early Fusion (AnnotFeatures),prolonged_los,all,24h,74829,0.1616351949110639,0.8096673002109249,0.005454638627840858,0.45417278196173083,0.011481283996845332,0.8181992716689417,0.46767597179825177,"[{'fold': 1, 'auroc': 0.8006197764524505, 'auprc': 0.43933950758290297}, {'fold': 2, 'auroc': 0.8125586405556833, 'auprc': 0.44290843009952785}, {'fold': 3, 'auroc': 0.8171995074970669, 'auprc': 0.4680917333130869}, {'fold': 4, 'auroc': 0.8083208772320767, 'auprc': 0.45555624586107407}, {'fold': 5, 'auroc': 0.8096376993173471, 'auprc': 0.4649679929520623}]",predefined_splits.csv
Early Fusion (ClinicalBERT),prolonged_los,all,24h,74819,0.1616434328178671,0.8266993151739541,0.00601800987298034,0.49184402877659084,0.009868420256588939,0.8352744841510694,0.5089290233141824,"[{'fold': 1, 'auroc': 0.8204915952055203, 'auprc': 0.483579775220484}, {'fold': 2, 'auroc': 0.8325797032433747, 'auprc': 0.48794278955174686}, {'fold': 3, 'auroc': 0.8351561417461585, 'auprc': 0.5112060507803715}, {'fold': 4, 'auroc': 0.823939406066777, 'auprc': 0.4870994385195197}, {'fold': 5, 'auroc': 0.82132972960794, 'auprc': 0.4893920898108318}]",predefined_splits.csv
