{
  "providers": {
    "meditron3_8b": {
      "provider": "meditron3_8b",
      "rows": 314,
      "ok_rows": 314,
      "parse_success_rows": 138,
      "parse_success_rate": 0.4394904458598726,
      "avg_latency_seconds": 2.2206687898089164,
      "usage_total_tokens": 1892846,
      "tasks": {
        "AKI-S1": 3,
        "DEL-S1": 16,
        "DEL-T1": 43,
        "S-R1": 49,
        "S-R2": 99,
        "S-R3": 6,
        "S-R4": 56,
        "S-T1": 11,
        "S-T2": 1,
        "S-T3": 1,
        "S-T4": 2,
        "SEP-S1": 2,
        "SEP-T1": 25
      },
      "task_parse_success_rate": {
        "AKI-S1": 1.0,
        "DEL-S1": 0.5625,
        "DEL-T1": 0.627906976744186,
        "S-R1": 0.2857142857142857,
        "S-R2": 0.3838383838383838,
        "S-R3": 0.3333333333333333,
        "S-R4": 0.3392857142857143,
        "S-T1": 0.7272727272727273,
        "S-T2": 0.0,
        "S-T3": 0.0,
        "S-T4": 0.5,
        "SEP-S1": 0.5,
        "SEP-T1": 0.64
      },
      "confidence_distribution": {
        "high": 138
      },
      "confidence_distribution_rate": {
        "high": 1.0
      },
      "merged_output_path": "/cephfs/volumes/hpc_data_prj/bhi_haoyu_benchmarking/9702e4c9-097c-4b21-8276-01dc96440ad1/TIMELY-Bench_Final/results/cres_v3/phase65e_tier2_meditron3_tailrepair_v3/meditron3_8b_full_responses.jsonl"
    }
  }
}