fold,val_auroc,val_auprc,best_epoch,total_epochs,test_auroc,test_auprc
1,0.8311735196155028,0.46537603567772845,7,18,,
2,0.8392929677583142,0.4739557842036579,9,20,,
3,0.8291831754258062,0.44907542433343417,7,18,,
4,0.8257515213827216,0.4437213718071626,9,18,,
5,0.8420615518048186,0.4932188295620048,7,18,,
TEST,,,-,-,0.8329485482668675,0.4762810013158475
