bucket,n_notes,pct_notes,mean_feature_completeness,mean_n_measurements
0-2h,1155364,9.623437340050348,0.35173720596605457,0.5456071706691005
2-6h,2154546,17.945979299386266,0.3390099913905967,1.5210547548040936
6-12h,3118749,25.977168737163943,0.34094424296895504,3.230266222066825
12-24h,5577072,46.45341462339944,0.33916442938245783,6.2324918185255855
