bucket,n_notes,pct_notes,mean_feature_completeness
0-6h,1833143,15.268899494749633,0.3491405495856765
6-12h,1800434,14.996454609885895,0.34722240281636824
12-18h,1710805,14.249902817246197,0.3455442493257697
18-24h,1666423,13.88022936712475,0.3428883766795963
24-48h,4994926,41.60451371099352,0.33673120234855736
