{
  "providers": {
    "meditron3_8b": {
      "provider": "meditron3_8b",
      "rows": 125,
      "ok_rows": 125,
      "parse_success_rows": 74,
      "parse_success_rate": 0.592,
      "avg_latency_seconds": 1.3957279999999985,
      "usage_total_tokens": 365911,
      "tasks": {
        "DEL-S1": 5,
        "DEL-T1": 11,
        "S-R1": 28,
        "S-R2": 40,
        "S-R3": 3,
        "S-R4": 29,
        "S-T1": 3,
        "S-T3": 1,
        "S-T4": 1,
        "SEP-S1": 1,
        "SEP-T1": 3
      },
      "task_parse_success_rate": {
        "DEL-S1": 0.8,
        "DEL-T1": 0.6363636363636364,
        "S-R1": 0.6428571428571429,
        "S-R2": 0.575,
        "S-R3": 0.0,
        "S-R4": 0.5517241379310345,
        "S-T1": 0.6666666666666666,
        "S-T3": 0.0,
        "S-T4": 0.0,
        "SEP-S1": 1.0,
        "SEP-T1": 1.0
      },
      "confidence_distribution": {
        "high": 70,
        "missing": 4
      },
      "confidence_distribution_rate": {
        "high": 0.9459459459459459,
        "missing": 0.05405405405405406
      },
      "merged_output_path": "/cephfs/volumes/hpc_data_prj/bhi_haoyu_benchmarking/9702e4c9-097c-4b21-8276-01dc96440ad1/TIMELY-Bench_Final/results/cres_v3/phase65e_tier2_meditron3_tailrepair_v5/meditron3_8b_full_responses.jsonl"
    }
  }
}