task,model,cv_auroc_mean,cv_auroc_std,test_auroc,test_auprc
mortality,XGBoost,0.810338191352229,0.003013844777776763,0.8155842191686112,0.4180169260746983
mortality,LogisticRegression,0.7733120030071554,0.007920744405711293,0.7756566704116613,0.36430871327200853
prolonged_los,XGBoost,0.7884917497781292,0.006382394091349785,0.7930591780318732,0.3997785583991492
prolonged_los,LogisticRegression,0.756728990694267,0.005182549827297271,0.7546025689328992,0.35867565586284417
