{
  "providers": {
    "medgemma15_4b": {
      "provider": "medgemma15_4b",
      "rows": 722,
      "ok_rows": 698,
      "parse_success_rows": 48,
      "parse_success_rate": 0.0664819944598338,
      "avg_latency_seconds": 284.5234626038782,
      "usage_total_tokens": 36582327,
      "tasks": {
        "AKI-S1": 9,
        "DEL-S1": 58,
        "DEL-T1": 164,
        "S-R1": 128,
        "S-R2": 197,
        "S-R3": 16,
        "S-R4": 96,
        "S-T1": 21,
        "S-T2": 2,
        "S-T3": 2,
        "S-T4": 5,
        "SEP-S1": 12,
        "SEP-T1": 12
      },
      "task_parse_success_rate": {
        "AKI-S1": 0.3333333333333333,
        "DEL-S1": 0.05172413793103448,
        "DEL-T1": 0.03048780487804878,
        "S-R1": 0.15625,
        "S-R2": 0.04060913705583756,
        "S-R3": 0.0,
        "S-R4": 0.07291666666666667,
        "S-T1": 0.0,
        "S-T2": 0.0,
        "S-T3": 0.0,
        "S-T4": 0.0,
        "SEP-S1": 0.16666666666666666,
        "SEP-T1": 0.0
      },
      "confidence_distribution": {
        "high": 41,
        "medium": 1,
        "missing": 6
      },
      "confidence_distribution_rate": {
        "high": 0.8541666666666666,
        "medium": 0.020833333333333332,
        "missing": 0.125
      },
      "merged_output_path": "/cephfs/volumes/hpc_data_prj/bhi_haoyu_benchmarking/9702e4c9-097c-4b21-8276-01dc96440ad1/TIMELY-Bench_Final/results/cres_v3/phase65e_tier2_medgemma_vllm_fullrepair1009_max40k_pass2/medgemma15_4b_full_responses.jsonl"
    }
  }
}