provider,tier,overall_macro_primary_score,supported_pairs_scored,primary_model_name,avg_latency_seconds,usage_total_tokens,rows_actual,ok_rows_actual,parse_success_actual,pair_win_count
aloe70b,tier2,0.5192572290958598,20,llama31-aloe-beta-70b,5.709786056152252,258039766,53070,53070,53070,11
aloe7b,tier2,0.48884558612839973,20,qwen25-aloe-beta-7b,2.7593214999057842,282111131,53070,53070,53070,7
deepseek_chat,tier1b,0.634617923575605,20,deepseek-chat,12.710874957603165,261196668,53070,53070,53070,10
gemini31pro,tier1a,0.6552002605635737,20,gemini-3.1-pro,15.9378977388355,343643633,53070,53070,53070,16
gemma4_26b,tier1b,0.6457595864660558,20,arc:lite,30.03763834558131,277833535,53070,53070,53070,12
gpt54,tier1a,0.625743927760498,20,gpt-5.4,11.400645411720369,264064840,53070,53070,53070,9
medgemma15_4b_it,tier2,0.5345341969532528,20,medgemma-1.5-4b-it,71.57247964951951,285394344,53070,53070,53070,8
meditron3_8b,tier2,0.510010202731302,20,meditron3-8b,3.1979134350857357,259948539,53070,53070,53070,7
qwen35,tier1b,0.6335472206301445,20,qwen3.5-flash,4.843182174486527,285969716,53070,53070,53070,4
