{
  "provider": "medgemma15_4b",
  "rows": 1009,
  "ok_rows": 1009,
  "parse_success_rows": 287,
  "parse_success_rate": 0.2844400396432111,
  "avg_latency_seconds": 180.93893458870176,
  "usage_total_tokens": 40040805,
  "tasks": {
    "AKI-S1": 9,
    "DEL-S1": 70,
    "DEL-T1": 207,
    "S-R1": 201,
    "S-R2": 249,
    "S-R3": 35,
    "S-R4": 142,
    "S-T1": 22,
    "S-T2": 3,
    "S-T3": 4,
    "S-T4": 10,
    "SEP-S1": 37,
    "SEP-T1": 20
  },
  "task_parse_success_rate": {
    "AKI-S1": 0.0,
    "DEL-S1": 0.17142857142857143,
    "DEL-T1": 0.20772946859903382,
    "S-R1": 0.36318407960199006,
    "S-R2": 0.20883534136546184,
    "S-R3": 0.5428571428571428,
    "S-R4": 0.323943661971831,
    "S-T1": 0.045454545454545456,
    "S-T2": 0.3333333333333333,
    "S-T3": 0.5,
    "S-T4": 0.5,
    "SEP-S1": 0.6756756756756757,
    "SEP-T1": 0.4
  },
  "confidence_distribution": {
    "high": 255,
    "low": 12,
    "medium": 4,
    "missing": 16
  },
  "confidence_distribution_rate": {
    "high": 0.8885017421602788,
    "low": 0.041811846689895474,
    "medium": 0.013937282229965157,
    "missing": 0.05574912891986063
  },
  "merged_output_path": "/cephfs/volumes/hpc_data_prj/bhi_haoyu_benchmarking/9702e4c9-097c-4b21-8276-01dc96440ad1/TIMELY-Bench_Final/results/cres_v3/phase65e_tier2_medgemma_vllm_fullrepair1009_max32k/medgemma15_4b_full_responses.jsonl"
}