task,model,n_samples,positive_rate,cv_auroc_mean,cv_auroc_std,cv_auprc_mean,cv_auprc_std,test_auroc,test_auprc,fold_details,split_source
mortality,XGBoost (MedCAT),74829,0.11933875903727165,0.5571238974361171,0.003189296116724321,0.14973193290852424,0.004129782560705027,0.5520211063414434,0.1505857566720703,"[{'fold': 1, 'auroc': 0.5525206631198335, 'auprc': 0.1572234377391557}, {'fold': 2, 'auroc': 0.5597283812215869, 'auprc': 0.15062948894534595}, {'fold': 3, 'auroc': 0.5545481782901684, 'auprc': 0.14849319750104117}, {'fold': 4, 'auroc': 0.5611122688226275, 'auprc': 0.1469470948034267}, {'fold': 5, 'auroc': 0.5577099957263694, 'auprc': 0.14536644555365175}]",predefined_splits.csv
mortality,LogisticRegression (MedCAT),74829,0.11933875903727165,0.557478215954065,0.003064425280549875,0.14646419677606276,0.004944734024962267,0.551939384972331,0.15007412088940106,"[{'fold': 1, 'auroc': 0.5537237009957561, 'auprc': 0.15526203543528844}, {'fold': 2, 'auroc': 0.5603475425270235, 'auprc': 0.14737171849099576}, {'fold': 3, 'auroc': 0.5541922724136662, 'auprc': 0.14539569974903677}, {'fold': 4, 'auroc': 0.5611649530858381, 'auprc': 0.14381714507365348}, {'fold': 5, 'auroc': 0.5579626107480414, 'auprc': 0.14047438513133922}]",predefined_splits.csv
prolonged_los,XGBoost (MedCAT),74829,0.1616351949110639,0.5553953101046152,0.0026890180784084113,0.19753106778880694,0.003994873651383839,0.5495267601379571,0.19455983193260565,"[{'fold': 1, 'auroc': 0.55486421312074, 'auprc': 0.19748358426409232}, {'fold': 2, 'auroc': 0.5605028880734068, 'auprc': 0.19816626357025255}, {'fold': 3, 'auroc': 0.5536880109349369, 'auprc': 0.19350683380266315}, {'fold': 4, 'auroc': 0.5527873262923731, 'auprc': 0.20460143333826683}, {'fold': 5, 'auroc': 0.5551341121016188, 'auprc': 0.19389722396875983}]",predefined_splits.csv
prolonged_los,LogisticRegression (MedCAT),74829,0.1616351949110639,0.5552349415314777,0.002993303985432243,0.19670336284451065,0.0038090735448741285,0.5490531544763728,0.1922298079828476,"[{'fold': 1, 'auroc': 0.5552876247565726, 'auprc': 0.197550797296917}, {'fold': 2, 'auroc': 0.5607767175954164, 'auprc': 0.1990076263054144}, {'fold': 3, 'auroc': 0.5538630385143274, 'auprc': 0.19095560211260362}, {'fold': 4, 'auroc': 0.5518414431223583, 'auprc': 0.20188152998549527}, {'fold': 5, 'auroc': 0.5544058836687138, 'auprc': 0.19412125852212297}]",predefined_splits.csv
