{
  "provider": "medgemma15_4b",
  "rows": 84,
  "ok_rows": 70,
  "parse_success_rows": 11,
  "parse_success_rate": 0.13095238095238096,
  "avg_latency_seconds": 270.6886785714287,
  "usage_total_tokens": 3867266,
  "tasks": {
    "AKI-S1": 1,
    "DEL-S1": 6,
    "DEL-T1": 20,
    "S-R1": 14,
    "S-R2": 23,
    "S-R3": 2,
    "S-R4": 11,
    "S-T1": 4,
    "SEP-S1": 1,
    "SEP-T1": 2
  },
  "task_parse_success_rate": {
    "AKI-S1": 1.0,
    "DEL-S1": 0.0,
    "DEL-T1": 0.1,
    "S-R1": 0.2857142857142857,
    "S-R2": 0.043478260869565216,
    "S-R3": 1.0,
    "S-R4": 0.09090909090909091,
    "S-T1": 0.0,
    "SEP-S1": 0.0,
    "SEP-T1": 0.0
  },
  "confidence_distribution": {
    "high": 10,
    "missing": 1
  },
  "confidence_distribution_rate": {
    "high": 0.9090909090909091,
    "missing": 0.09090909090909091
  },
  "merged_output_path": "/cephfs/volumes/hpc_data_prj/bhi_haoyu_benchmarking/9702e4c9-097c-4b21-8276-01dc96440ad1/TIMELY-Bench_Final/results/cres_v3/phase65e_tier2_medgemma_vllm_fullrepair1009_max50k_pass3_sharded/shard03/medgemma15_4b_full_responses.jsonl"
}